# date, position, P and L
2013-02-01,0,0.0
2013-02-04,0,0.0
2013-02-05,0,0.0
2013-02-06,0,0.0
2013-02-07,0,0.0
2013-02-08,0,0.0
2013-02-12,0,0.0
2013-02-13,0,0.0
2013-02-14,0,0.0
2013-02-15,0,0.0
2013-02-18,0,0.0
2013-02-19,0,0.0
2013-02-20,0,0.0
2013-02-21,0,0.0
2013-02-22,0,0.0
2013-02-25,0,0.0
2013-02-26,0,0.0
2013-02-27,0,0.0
2013-02-28,0,0.0
2013-03-01,0,0.0
2013-03-04,0,0.0
2013-03-05,0,0.0
2013-03-06,0,0.0
2013-03-07,0,0.0
2013-03-08,0,0.0
2013-03-11,0,0.0
2013-03-12,0,0.0
2013-03-13,0,0.0
2013-03-14,0,0.0
2013-03-15,0,0.0
2013-03-18,0,0.0
2013-03-19,0,0.0
2013-03-21,0,0.0
2013-03-22,0,0.0
2013-03-25,0,0.0
2013-03-26,0,0.0
2013-03-27,0,0.0
2013-03-28,10,-1681.747
2013-03-29,20,-3345.013
2013-04-01,20,-3345.013
2013-04-02,20,-3345.013
2013-04-03,20,-3345.013
2013-04-04,20,-3345.013
2013-04-05,20,-3345.013
2013-04-08,20,-3345.013
2013-04-09,20,-3345.013
2013-04-10,20,-3345.013
2013-04-11,20,-3345.013
2013-04-12,20,-3345.013
2013-04-15,20,-3345.013
2013-04-16,20,-3345.013
2013-04-17,20,-3345.013
2013-04-18,20,-3345.013
2013-04-19,20,-3345.013
2013-04-22,20,-3345.013
2013-04-23,20,-3345.013
2013-04-24,20,-3345.013
2013-04-25,20,-3345.013
2013-04-26,20,-3345.013
2013-04-30,20,-3345.013
2013-05-01,20,-3345.013
2013-05-02,20,-3345.013
2013-05-07,20,-3345.013
2013-05-08,20,-3345.013
2013-05-09,20,-3345.013
2013-05-10,20,-3345.013
2013-05-13,20,-3345.013
2013-05-14,20,-3345.013
2013-05-15,20,-3345.013
2013-05-16,20,-3345.013
2013-05-17,20,-3345.013
2013-05-20,20,-3345.013
2013-05-21,20,-3345.013
2013-05-22,20,-3345.013
2013-05-23,20,-3345.013
2013-05-24,20,-3345.013
2013-05-27,20,-3345.013
2013-05-28,20,-3345.013
2013-05-29,20,-3345.013
2013-05-30,20,-3345.013
2013-05-31,20,-3345.013
2013-06-03,20,-3345.013
2013-06-04,20,-3345.013
2013-06-05,20,-3345.013
2013-06-06,20,-3345.013
2013-06-07,20,-3345.013
2013-06-10,20,-3345.013
2013-06-11,20,-3345.013
2013-06-12,20,-3345.013
2013-06-13,20,-3345.013
2013-06-14,20,-3345.013
2013-06-17,20,-3345.013
2013-06-18,20,-3345.013
2013-06-19,20,-3345.013
2013-06-20,20,-3345.013
2013-06-21,20,-3345.013
2013-06-24,20,-3345.013
2013-06-25,20,-3345.013
2013-06-26,20,-3345.013
2013-06-27,20,-3345.013
2013-06-28,20,-3345.013
2013-07-01,20,-3345.013
2013-07-02,10,-1459.9779999999998
2013-07-03,10,-1459.9779999999998
2013-07-04,10,-1459.9779999999998
2013-07-05,10,-1459.9779999999998
2013-07-08,10,-1459.9779999999998
2013-07-09,10,-1459.9779999999998
2013-07-10,10,-1459.9779999999998
2013-07-11,10,-1459.9779999999998
2013-07-12,10,-1459.9779999999998
2013-07-16,10,-1459.9779999999998
2013-07-17,10,-1459.9779999999998
2013-07-18,10,-1459.9779999999998
2013-07-19,10,-1459.9779999999998
2013-07-22,10,-1459.9779999999998
2013-07-23,10,-1459.9779999999998
2013-07-24,10,-1459.9779999999998
2013-07-25,10,-1459.9779999999998
2013-07-26,10,-1459.9779999999998
2013-07-29,10,-1459.9779999999998
2013-07-30,10,-1459.9779999999998
2013-07-31,10,-1459.9779999999998
2013-08-01,10,-1459.9779999999998
2013-08-02,10,-1459.9779999999998
2013-08-05,10,-1459.9779999999998
2013-08-06,10,-1459.9779999999998
2013-08-07,10,-1459.9779999999998
2013-08-08,10,-1459.9779999999998
2013-08-09,10,-1459.9779999999998
2013-08-12,10,-1459.9779999999998
2013-08-13,10,-1459.9779999999998
2013-08-14,10,-1459.9779999999998
2013-08-15,10,-1459.9779999999998
2013-08-16,10,-1459.9779999999998
2013-08-19,10,-1459.9779999999998
2013-08-20,10,-1459.9779999999998
2013-08-21,10,-1459.9779999999998
2013-08-22,10,-1459.9779999999998
2013-08-23,10,-1459.9779999999998
2013-08-26,10,-1459.9779999999998
2013-08-27,10,-1459.9779999999998
2013-08-28,10,-1459.9779999999998
2013-08-29,10,-1459.9779999999998
2013-08-30,10,-1459.9779999999998
2013-09-02,10,-1459.9779999999998
2013-09-03,10,-1459.9779999999998
2013-09-04,10,-1459.9779999999998
2013-09-05,10,-1459.9779999999998
2013-09-06,10,-1459.9779999999998
2013-09-09,10,-1459.9779999999998
2013-09-10,10,-1459.9779999999998
2013-09-11,10,-1459.9779999999998
2013-09-12,10,-1459.9779999999998
2013-09-13,10,-1459.9779999999998
2013-09-17,10,-1459.9779999999998
2013-09-18,10,-1459.9779999999998
2013-09-19,10,-1459.9779999999998
2013-09-20,10,-1459.9779999999998
2013-09-24,10,-1459.9779999999998
2013-09-25,10,-1459.9779999999998
2013-09-26,0,526.7010000000002
2013-09-27,0,526.7010000000002
2013-09-30,0,526.7010000000002
2013-10-01,0,526.7010000000002
2013-10-02,0,526.7010000000002
2013-10-03,0,526.7010000000002
2013-10-04,0,526.7010000000002
2013-10-07,10,-1312.1319999999996
2013-10-08,10,-1312.1319999999996
2013-10-09,10,-1312.1319999999996
2013-10-10,10,-1312.1319999999996
2013-10-11,10,-1312.1319999999996
2013-10-15,10,-1312.1319999999996
2013-10-16,10,-1312.1319999999996
2013-10-17,10,-1312.1319999999996
2013-10-18,10,-1312.1319999999996
2013-10-21,10,-1312.1319999999996
2013-10-22,10,-1312.1319999999996
2013-10-23,10,-1312.1319999999996
2013-10-24,10,-1312.1319999999996
2013-10-25,10,-1312.1319999999996
2013-10-28,10,-1312.1319999999996
2013-10-29,10,-1312.1319999999996
2013-10-30,10,-1312.1319999999996
2013-10-31,10,-1312.1319999999996
2013-11-01,10,-1312.1319999999996
2013-11-05,10,-1312.1319999999996
2013-11-06,10,-1312.1319999999996
2013-11-07,10,-1312.1319999999996
2013-11-08,10,-1312.1319999999996
2013-11-11,10,-1312.1319999999996
2013-11-12,10,-1312.1319999999996
2013-11-13,10,-1312.1319999999996
2013-11-14,10,-1312.1319999999996
2013-11-15,10,-1312.1319999999996
2013-11-18,10,-1312.1319999999996
2013-11-19,10,-1312.1319999999996
2013-11-20,10,-1312.1319999999996
2013-11-21,10,-1312.1319999999996
2013-11-22,10,-1312.1319999999996
2013-11-25,10,-1312.1319999999996
2013-11-26,10,-1312.1319999999996
2013-11-27,10,-1312.1319999999996
2013-11-28,10,-1312.1319999999996
2013-11-29,10,-1312.1319999999996
2013-12-02,10,-1312.1319999999996
2013-12-03,10,-1312.1319999999996
2013-12-04,10,-1312.1319999999996
2013-12-05,10,-1312.1319999999996
2013-12-06,10,-1312.1319999999996
2013-12-09,10,-1312.1319999999996
2013-12-10,10,-1312.1319999999996
2013-12-11,10,-1312.1319999999996
2013-12-12,10,-1312.1319999999996
2013-12-13,10,-1312.1319999999996
2013-12-16,10,-1312.1319999999996
2013-12-17,10,-1312.1319999999996
2013-12-18,10,-1312.1319999999996
2013-12-19,10,-1312.1319999999996
2013-12-20,10,-1312.1319999999996
2013-12-24,10,-1312.1319999999996
2013-12-25,10,-1312.1319999999996
2013-12-26,10,-1312.1319999999996
2013-12-27,10,-1312.1319999999996
2013-12-30,10,-1312.1319999999996
2014-01-06,10,-1312.1319999999996
2014-01-07,10,-1312.1319999999996
2014-01-08,10,-1312.1319999999996
2014-01-09,10,-1312.1319999999996
2014-01-10,10,-1312.1319999999996
2014-01-14,10,-1312.1319999999996
2014-01-15,10,-1312.1319999999996
2014-01-16,10,-1312.1319999999996
2014-01-17,10,-1312.1319999999996
2014-01-20,10,-1312.1319999999996
2014-01-21,10,-1312.1319999999996
2014-01-22,10,-1312.1319999999996
2014-01-23,10,-1312.1319999999996
2014-01-24,10,-1312.1319999999996
2014-01-27,10,-1312.1319999999996
2014-01-28,20,-3317.2919999999995
2014-01-29,20,-3317.2919999999995
2014-01-30,20,-3317.2919999999995
2014-01-31,30,-5267.009999999999
2014-02-03,30,-5267.009999999999
2014-02-04,40,-7115.083999999999
2014-02-05,40,-7115.083999999999
2014-02-06,40,-7115.083999999999
2014-02-07,40,-7115.083999999999
2014-02-10,40,-7115.083999999999
2014-02-12,40,-7115.083999999999
2014-02-13,40,-7115.083999999999
2014-02-14,40,-7115.083999999999
2014-02-17,40,-7115.083999999999
2014-02-18,40,-7115.083999999999
2014-02-19,40,-7115.083999999999
2014-02-20,40,-7115.083999999999
2014-02-21,40,-7115.083999999999
2014-02-24,40,-7115.083999999999
2014-02-25,40,-7115.083999999999
2014-02-26,40,-7115.083999999999
2014-02-27,40,-7115.083999999999
2014-02-28,40,-7115.083999999999
2014-03-03,40,-7115.083999999999
2014-03-04,40,-7115.083999999999
2014-03-05,40,-7115.083999999999
2014-03-06,40,-7115.083999999999
2014-03-07,40,-7115.083999999999
2014-03-10,40,-7115.083999999999
2014-03-11,40,-7115.083999999999
2014-03-12,40,-7115.083999999999
2014-03-13,40,-7115.083999999999
2014-03-14,50,-9083.282
2014-03-17,60,-11042.24
2014-03-18,60,-11042.24
2014-03-19,60,-11042.24
2014-03-20,70,-12945.756
2014-03-24,70,-12945.756
2014-03-25,70,-12945.756
2014-03-26,70,-12945.756
2014-03-27,70,-12945.756
2014-03-28,70,-12945.756
2014-03-31,70,-12945.756
2014-04-01,70,-12945.756
2014-04-02,70,-12945.756
2014-04-03,70,-12945.756
2014-04-04,70,-12945.756
2014-04-07,70,-12945.756
2014-04-08,70,-12945.756
2014-04-09,70,-12945.756
2014-04-10,70,-12945.756
2014-04-11,70,-12945.756
2014-04-14,70,-12945.756
2014-04-15,70,-12945.756
2014-04-16,70,-12945.756
2014-04-17,70,-12945.756
2014-04-18,70,-12945.756
2014-04-21,70,-12945.756
2014-04-22,70,-12945.756
2014-04-23,70,-12945.756
2014-04-24,70,-12945.756
2014-04-25,70,-12945.756
2014-04-28,70,-12945.756
2014-04-30,70,-12945.756
2014-05-01,70,-12945.756
2014-05-02,70,-12945.756
2014-05-07,70,-12945.756
2014-05-08,70,-12945.756
2014-05-09,70,-12945.756
2014-05-12,70,-12945.756
2014-05-13,70,-12945.756
2014-05-14,70,-12945.756
2014-05-15,70,-12945.756
2014-05-16,70,-12945.756
2014-05-19,70,-12945.756
2014-05-20,70,-12945.756
2014-05-21,70,-12945.756
2014-05-22,70,-12945.756
2014-05-23,70,-12945.756
2014-05-26,70,-12945.756
2014-05-27,70,-12945.756
2014-05-28,70,-12945.756
2014-05-29,70,-12945.756
2014-05-30,70,-12945.756
2014-06-02,70,-12945.756
2014-06-03,70,-12945.756
2014-06-04,70,-12945.756
2014-06-05,70,-12945.756
2014-06-06,70,-12945.756
2014-06-09,70,-12945.756
2014-06-10,70,-12945.756
2014-06-11,70,-12945.756
2014-06-12,70,-12945.756
2014-06-13,70,-12945.756
2014-06-16,70,-12945.756
2014-06-17,70,-12945.756
2014-06-18,70,-12945.756
2014-06-19,70,-12945.756
2014-06-20,70,-12945.756
2014-06-23,70,-12945.756
2014-06-24,70,-12945.756
2014-06-25,70,-12945.756
2014-06-26,70,-12945.756
2014-06-27,70,-12945.756
2014-06-30,70,-12945.756
2014-07-01,70,-12945.756
2014-07-02,70,-12945.756
2014-07-03,70,-12945.756
2014-07-04,70,-12945.756
2014-07-07,70,-12945.756
2014-07-08,70,-12945.756
2014-07-09,70,-12945.756
2014-07-10,70,-12945.756
2014-07-11,70,-12945.756
2014-07-14,70,-12945.756
2014-07-15,70,-12945.756
2014-07-16,70,-12945.756
2014-07-17,70,-12945.756
2014-07-18,70,-12945.756
2014-07-22,70,-12945.756
2014-07-23,70,-12945.756
2014-07-24,70,-12945.756
2014-07-25,70,-12945.756
2014-07-28,70,-12945.756
2014-07-29,70,-12945.756
2014-07-30,70,-12945.756
2014-07-31,80,-15708.626
2014-08-01,80,-15708.626
2014-08-04,80,-15708.626
2014-08-05,90,-18443.775
2014-08-06,100,-21169.683
2014-08-07,100,-21169.683
2014-08-08,110,-23840.149
2014-08-11,110,-23840.149
2014-08-12,110,-23840.149
2014-08-13,110,-23840.149
2014-08-14,110,-23840.149
2014-08-15,110,-23840.149
2014-08-18,110,-23840.149
2014-08-19,110,-23840.149
2014-08-20,110,-23840.149
2014-08-21,110,-23840.149
2014-08-22,110,-23840.149
2014-08-25,110,-23840.149
2014-08-26,110,-23840.149
2014-08-27,110,-23840.149
2014-08-28,110,-23840.149
2014-08-29,110,-23840.149
2014-09-01,110,-23840.149
2014-09-02,110,-23840.149
2014-09-03,110,-23840.149
2014-09-04,110,-23840.149
2014-09-05,110,-23840.149
2014-09-08,110,-23840.149
2014-09-09,110,-23840.149
2014-09-10,110,-23840.149
2014-09-11,110,-23840.149
2014-09-12,110,-23840.149
2014-09-16,110,-23840.149
2014-09-17,110,-23840.149
2014-09-18,110,-23840.149
2014-09-19,110,-23840.149
2014-09-22,110,-23840.149
2014-09-24,110,-23840.149
2014-09-25,110,-23840.149
2014-09-26,110,-23840.149
2014-09-29,110,-23840.149
2014-09-30,110,-23840.149
2014-10-01,110,-23840.149
2014-10-02,110,-23840.149
2014-10-03,110,-23840.149
2014-10-06,110,-23840.149
2014-10-07,110,-23840.149
2014-10-08,110,-23840.149
2014-10-09,110,-23840.149
2014-10-10,110,-23840.149
2014-10-14,110,-23840.149
2014-10-15,110,-23840.149
2014-10-16,110,-23840.149
2014-10-17,110,-23840.149
2014-10-20,110,-23840.149
2014-10-21,110,-23840.149
2014-10-22,110,-23840.149
2014-10-23,110,-23840.149
2014-10-24,110,-23840.149
2014-10-27,110,-23840.149
2014-10-28,110,-23840.149
2014-10-29,110,-23840.149
2014-10-30,110,-23840.149
2014-10-31,110,-23840.149
2014-11-04,110,-23840.149
2014-11-05,110,-23840.149
2014-11-06,110,-23840.149
2014-11-07,110,-23840.149
2014-11-10,110,-23840.149
2014-11-11,110,-23840.149
2014-11-12,110,-23840.149
2014-11-13,110,-23840.149
2014-11-14,110,-23840.149
2014-11-17,110,-23840.149
2014-11-18,110,-23840.149
2014-11-19,110,-23840.149
2014-11-20,110,-23840.149
2014-11-21,110,-23840.149
2014-11-25,110,-23840.149
2014-11-26,110,-23840.149
2014-11-27,110,-23840.149
2014-11-28,110,-23840.149
2014-12-01,110,-23840.149
2014-12-02,110,-23840.149
2014-12-03,110,-23840.149
2014-12-04,110,-23840.149
2014-12-05,110,-23840.149
2014-12-08,110,-23840.149
2014-12-09,110,-23840.149
2014-12-10,110,-23840.149
2014-12-11,110,-23840.149
2014-12-12,110,-23840.149
2014-12-15,110,-23840.149
2014-12-16,110,-23840.149
2014-12-17,110,-23840.149
2014-12-18,110,-23840.149
2014-12-19,110,-23840.149
2014-12-22,110,-23840.149
2014-12-24,110,-23840.149
2014-12-25,110,-23840.149
2014-12-26,110,-23840.149
2014-12-29,110,-23840.149
2014-12-30,110,-23840.149
2015-01-05,110,-23840.149
2015-01-06,110,-23840.149
2015-01-07,110,-23840.149
2015-01-08,110,-23840.149
2015-01-09,110,-23840.149
2015-01-13,110,-23840.149
2015-01-14,110,-23840.149
2015-01-15,110,-23840.149
2015-01-16,110,-23840.149
2015-01-19,110,-23840.149
2015-01-20,110,-23840.149
2015-01-21,110,-23840.149
2015-01-22,110,-23840.149
2015-01-23,110,-23840.149
2015-01-26,110,-23840.149
2015-01-27,110,-23840.149
2015-01-28,110,-23840.149
2015-01-29,110,-23840.149
2015-01-30,100,-20060.839
2015-02-02,100,-20060.839
2015-02-03,100,-20060.839
2015-02-04,100,-20060.839
2015-02-05,100,-20060.839
2015-02-06,110,-23267.247
2015-02-09,120,-26427.453
2015-02-10,120,-26427.453
2015-02-12,120,-26427.453
2015-02-13,120,-26427.453
2015-02-16,120,-26427.453
2015-02-17,120,-26427.453
2015-02-18,120,-26427.453
2015-02-19,120,-26427.453
2015-02-20,120,-26427.453
2015-02-23,120,-26427.453
2015-02-24,120,-26427.453
2015-02-25,120,-26427.453
2015-02-26,120,-26427.453
2015-02-27,120,-26427.453
2015-03-02,120,-26427.453
2015-03-03,120,-26427.453
2015-03-04,120,-26427.453
2015-03-05,120,-26427.453
2015-03-06,120,-26427.453
2015-03-09,120,-26427.453
2015-03-10,120,-26427.453
2015-03-11,120,-26427.453
2015-03-12,120,-26427.453
2015-03-13,120,-26427.453
2015-03-16,120,-26427.453
2015-03-17,120,-26427.453
2015-03-18,120,-26427.453
2015-03-19,120,-26427.453
2015-03-20,120,-26427.453
2015-03-23,130,-29809.428
2015-03-24,140,-33154.441
2015-03-25,140,-33154.441
2015-03-26,140,-33154.441
2015-03-27,140,-33154.441
2015-03-30,140,-33154.441
2015-03-31,140,-33154.441
2015-04-01,140,-33154.441
2015-04-02,140,-33154.441
2015-04-03,140,-33154.441
2015-04-06,140,-33154.441
2015-04-07,140,-33154.441
2015-04-08,140,-33154.441
2015-04-09,140,-33154.441
2015-04-10,140,-33154.441
2015-04-13,140,-33154.441
2015-04-14,140,-33154.441
2015-04-15,140,-33154.441
2015-04-16,140,-33154.441
2015-04-17,140,-33154.441
2015-04-20,140,-33154.441
2015-04-21,140,-33154.441
2015-04-22,140,-33154.441
2015-04-23,140,-33154.441
2015-04-24,140,-33154.441
2015-04-27,140,-33154.441
2015-04-28,140,-33154.441
2015-04-30,140,-33154.441
2015-05-01,140,-33154.441
2015-05-07,140,-33154.441
2015-05-08,140,-33154.441
2015-05-11,140,-33154.441
2015-05-12,140,-33154.441
2015-05-13,140,-33154.441
2015-05-14,140,-33154.441
2015-05-15,140,-33154.441
2015-05-18,140,-33154.441
2015-05-19,140,-33154.441
2015-05-20,140,-33154.441
2015-05-21,140,-33154.441
2015-05-22,140,-33154.441
2015-05-25,140,-33154.441
2015-05-26,140,-33154.441
2015-05-27,140,-33154.441
2015-05-28,140,-33154.441
2015-05-29,140,-33154.441
2015-06-01,140,-33154.441
2015-06-02,140,-33154.441
2015-06-03,140,-33154.441
2015-06-04,150,-36498.924
2015-06-05,160,-39796.826
2015-06-08,170,-43076.096000000005
2015-06-09,170,-43076.096000000005
2015-06-10,170,-43076.096000000005
2015-06-11,170,-43076.096000000005
2015-06-12,170,-43076.096000000005
2015-06-15,170,-43076.096000000005
2015-06-16,170,-43076.096000000005
2015-06-17,170,-43076.096000000005
2015-06-18,170,-43076.096000000005
2015-06-19,170,-43076.096000000005
2015-06-22,170,-43076.096000000005
2015-06-23,170,-43076.096000000005
2015-06-24,170,-43076.096000000005
2015-06-25,170,-43076.096000000005
2015-06-26,170,-43076.096000000005
2015-06-29,170,-43076.096000000005
2015-06-30,170,-43076.096000000005
2015-07-01,170,-43076.096000000005
2015-07-02,170,-43076.096000000005
2015-07-03,170,-43076.096000000005
2015-07-06,170,-43076.096000000005
2015-07-07,170,-43076.096000000005
2015-07-08,170,-43076.096000000005
2015-07-09,170,-43076.096000000005
2015-07-10,170,-43076.096000000005
2015-07-13,170,-43076.096000000005
2015-07-14,170,-43076.096000000005
2015-07-15,170,-43076.096000000005
2015-07-16,170,-43076.096000000005
2015-07-17,170,-43076.096000000005
2015-07-21,170,-43076.096000000005
2015-07-22,170,-43076.096000000005
2015-07-23,170,-43076.096000000005
2015-07-24,170,-43076.096000000005
2015-07-27,170,-43076.096000000005
2015-07-28,170,-43076.096000000005
2015-07-29,170,-43076.096000000005
2015-07-30,170,-43076.096000000005
2015-07-31,170,-43076.096000000005
2015-08-03,170,-43076.096000000005
2015-08-04,170,-43076.096000000005
2015-08-05,170,-43076.096000000005
2015-08-06,170,-43076.096000000005
2015-08-07,170,-43076.096000000005
2015-08-10,170,-43076.096000000005
2015-08-11,170,-43076.096000000005
2015-08-12,170,-43076.096000000005
2015-08-13,170,-43076.096000000005
2015-08-14,170,-43076.096000000005
2015-08-17,170,-43076.096000000005
2015-08-18,170,-43076.096000000005
2015-08-19,170,-43076.096000000005
2015-08-20,170,-43076.096000000005
2015-08-21,170,-43076.096000000005
2015-08-24,170,-43076.096000000005
2015-08-25,170,-43076.096000000005
2015-08-26,170,-43076.096000000005
2015-08-27,170,-43076.096000000005
2015-08-28,170,-43076.096000000005
2015-08-31,170,-43076.096000000005
2015-09-01,170,-43076.096000000005
2015-09-02,170,-43076.096000000005
2015-09-03,170,-43076.096000000005
2015-09-04,170,-43076.096000000005
2015-09-07,170,-43076.096000000005
2015-09-08,170,-43076.096000000005
2015-09-09,170,-43076.096000000005
2015-09-10,170,-43076.096000000005
2015-09-11,170,-43076.096000000005
2015-09-14,170,-43076.096000000005
2015-09-15,170,-43076.096000000005
2015-09-16,170,-43076.096000000005
2015-09-17,170,-43076.096000000005
2015-09-18,170,-43076.096000000005
2015-09-24,170,-43076.096000000005
2015-09-25,170,-43076.096000000005
2015-09-28,170,-43076.096000000005
2015-09-29,170,-43076.096000000005
2015-09-30,170,-43076.096000000005
2015-10-01,170,-43076.096000000005
2015-10-02,170,-43076.096000000005
2015-10-05,170,-43076.096000000005
2015-10-06,170,-43076.096000000005
2015-10-07,170,-43076.096000000005
2015-10-08,170,-43076.096000000005
2015-10-09,170,-43076.096000000005
2015-10-13,170,-43076.096000000005
2015-10-14,170,-43076.096000000005
2015-10-15,170,-43076.096000000005
2015-10-16,170,-43076.096000000005
2015-10-19,170,-43076.096000000005
2015-10-20,170,-43076.096000000005
2015-10-21,170,-43076.096000000005
2015-10-22,170,-43076.096000000005
2015-10-23,160,-39348.135
2015-10-26,160,-39348.135
2015-10-27,160,-39348.135
2015-10-28,160,-39348.135
2015-10-29,160,-39348.135
2015-10-30,160,-39348.135
2015-11-02,160,-39348.135
2015-11-04,160,-39348.135
2015-11-05,160,-39348.135
2015-11-06,160,-39348.135
2015-11-09,160,-39348.135
2015-11-10,160,-39348.135
2015-11-11,160,-39348.135
2015-11-12,160,-39348.135
2015-11-13,160,-39348.135
2015-11-16,160,-39348.135
2015-11-17,160,-39348.135
2015-11-18,160,-39348.135
2015-11-19,160,-39348.135
2015-11-20,160,-39348.135
2015-11-24,160,-39348.135
2015-11-25,160,-39348.135
2015-11-26,160,-39348.135
2015-11-27,160,-39348.135
2015-11-30,160,-39348.135
2015-12-01,160,-39348.135
2015-12-02,160,-39348.135
2015-12-03,160,-39348.135
2015-12-04,160,-39348.135
2015-12-07,160,-39348.135
2015-12-08,160,-39348.135
2015-12-09,160,-39348.135
2015-12-10,160,-39348.135
2015-12-11,160,-39348.135
2015-12-14,160,-39348.135
2015-12-15,160,-39348.135
2015-12-16,160,-39348.135
2015-12-17,160,-39348.135
2015-12-18,160,-39348.135
2015-12-21,160,-39348.135
2015-12-22,160,-39348.135
2015-12-24,160,-39348.135
2015-12-25,160,-39348.135
2015-12-28,160,-39348.135
2015-12-29,160,-39348.135
2015-12-30,160,-39348.135
2016-01-04,160,-39348.135
2016-01-05,160,-39348.135
2016-01-06,160,-39348.135
2016-01-07,160,-39348.135
2016-01-08,160,-39348.135
2016-01-12,160,-39348.135
2016-01-13,160,-39348.135
2016-01-14,160,-39348.135
2016-01-15,160,-39348.135
2016-01-18,160,-39348.135
2016-01-19,160,-39348.135
2016-01-20,160,-39348.135
2016-01-21,160,-39348.135
2016-01-22,160,-39348.135
2016-01-25,160,-39348.135
2016-01-26,160,-39348.135
2016-01-27,160,-39348.135
2016-01-28,160,-39348.135
2016-01-29,160,-39348.135
2016-02-01,160,-39348.135
2016-02-02,160,-39348.135
2016-02-03,160,-39348.135
2016-02-04,160,-39348.135
2016-02-05,160,-39348.135
2016-02-08,160,-39348.135
2016-02-09,160,-39348.135
2016-02-10,160,-39348.135
2016-02-12,170,-44228.204
2016-02-15,170,-44228.204
2016-02-16,170,-44228.204
2016-02-17,170,-44228.204
2016-02-18,170,-44228.204
2016-02-19,170,-44228.204
2016-02-22,170,-44228.204
2016-02-23,170,-44228.204
2016-02-24,170,-44228.204
2016-02-25,170,-44228.204
2016-02-26,170,-44228.204
2016-02-29,170,-44228.204
2016-03-01,170,-44228.204
2016-03-02,170,-44228.204
2016-03-03,170,-44228.204
2016-03-04,170,-44228.204
2016-03-07,170,-44228.204
2016-03-08,170,-44228.204
2016-03-09,170,-44228.204
2016-03-10,170,-44228.204
2016-03-11,170,-44228.204
2016-03-14,160,-39057.765999999996
2016-03-15,160,-39057.765999999996
2016-03-16,160,-39057.765999999996
2016-03-17,160,-39057.765999999996
2016-03-18,160,-39057.765999999996
2016-03-22,160,-39057.765999999996
2016-03-23,160,-39057.765999999996
2016-03-24,150,-33793.66099999999
2016-03-25,150,-33793.66099999999
2016-03-28,150,-33793.66099999999
2016-03-29,150,-33793.66099999999
2016-03-30,150,-33793.66099999999
2016-03-31,150,-33793.66099999999
2016-04-01,150,-33793.66099999999
2016-04-04,150,-33793.66099999999
2016-04-05,150,-33793.66099999999
2016-04-06,150,-33793.66099999999
2016-04-07,150,-33793.66099999999
2016-04-08,150,-33793.66099999999
2016-04-11,150,-33793.66099999999
2016-04-12,150,-33793.66099999999
2016-04-13,150,-33793.66099999999
2016-04-14,150,-33793.66099999999
2016-04-15,150,-33793.66099999999
2016-04-18,150,-33793.66099999999
2016-04-19,150,-33793.66099999999
2016-04-20,150,-33793.66099999999
2016-04-21,150,-33793.66099999999
2016-04-22,150,-33793.66099999999
2016-04-25,150,-33793.66099999999
2016-04-26,150,-33793.66099999999
2016-04-27,150,-33793.66099999999
2016-04-28,150,-33793.66099999999
2016-05-02,150,-33793.66099999999
2016-05-06,150,-33793.66099999999
2016-05-09,150,-33793.66099999999
2016-05-10,150,-33793.66099999999
2016-05-11,150,-33793.66099999999
2016-05-12,140,-27795.31399999999
2016-05-13,150,-32993.25399999999
2016-05-16,150,-32993.25399999999
2016-05-17,150,-32993.25399999999
2016-05-18,150,-32993.25399999999
2016-05-19,150,-32993.25399999999
2016-05-20,150,-32993.25399999999
2016-05-23,150,-32993.25399999999
2016-05-24,150,-32993.25399999999
2016-05-25,150,-32993.25399999999
2016-05-26,150,-32993.25399999999
2016-05-27,150,-32993.25399999999
2016-05-30,150,-32993.25399999999
2016-05-31,150,-32993.25399999999
2016-06-01,150,-32993.25399999999
2016-06-02,150,-32993.25399999999
2016-06-03,150,-32993.25399999999
2016-06-06,150,-32993.25399999999
2016-06-07,150,-32993.25399999999
2016-06-08,150,-32993.25399999999
2016-06-09,150,-32993.25399999999
2016-06-10,150,-32993.25399999999
2016-06-13,150,-32993.25399999999
2016-06-14,150,-32993.25399999999
2016-06-15,150,-32993.25399999999
2016-06-16,150,-32993.25399999999
2016-06-17,160,-38323.026
2016-06-20,160,-38323.026
2016-06-21,160,-38323.026
2016-06-22,160,-38323.026
2016-06-23,160,-38323.026
2016-06-24,170,-43191.386
2016-06-27,170,-43191.386
2016-06-28,170,-43191.386
2016-06-29,170,-43191.386
2016-06-30,170,-43191.386
2016-07-01,170,-43191.386
2016-07-04,170,-43191.386
2016-07-05,170,-43191.386
2016-07-06,170,-43191.386
2016-07-07,170,-43191.386
2016-07-08,170,-43191.386
2016-07-11,170,-43191.386
2016-07-12,170,-43191.386
2016-07-13,170,-43191.386
2016-07-14,170,-43191.386
2016-07-15,170,-43191.386
2016-07-19,170,-43191.386
2016-07-20,170,-43191.386
2016-07-21,170,-43191.386
2016-07-22,170,-43191.386
2016-07-25,170,-43191.386
2016-07-26,170,-43191.386
2016-07-27,170,-43191.386
2016-07-28,170,-43191.386
2016-07-29,170,-43191.386
2016-08-01,170,-43191.386
2016-08-02,170,-43191.386
2016-08-03,170,-43191.386
2016-08-04,170,-43191.386
2016-08-05,180,-47457.087
2016-08-08,180,-47457.087
2016-08-09,180,-47457.087
2016-08-10,180,-47457.087
2016-08-12,180,-47457.087
2016-08-15,180,-47457.087
2016-08-16,180,-47457.087
2016-08-17,180,-47457.087
2016-08-18,180,-47457.087
2016-08-19,180,-47457.087
2016-08-22,180,-47457.087
2016-08-23,180,-47457.087
2016-08-24,190,-51506.207
2016-08-25,190,-51506.207
2016-08-26,190,-51506.207
2016-08-29,190,-51506.207
2016-08-30,190,-51506.207
2016-08-31,190,-51506.207
2016-09-01,190,-51506.207
2016-09-02,190,-51506.207
2016-09-05,190,-51506.207
2016-09-06,190,-51506.207
2016-09-07,190,-51506.207
2016-09-08,190,-51506.207
2016-09-09,190,-51506.207
2016-09-12,190,-51506.207
2016-09-13,190,-51506.207
2016-09-14,190,-51506.207
2016-09-15,190,-51506.207
2016-09-16,190,-51506.207
2016-09-20,190,-51506.207
2016-09-21,190,-51506.207
2016-09-23,190,-51506.207
2016-09-26,190,-51506.207
2016-09-27,190,-51506.207
2016-09-28,190,-51506.207
2016-09-29,190,-51506.207
2016-09-30,190,-51506.207
2016-10-03,190,-51506.207
2016-10-04,190,-51506.207
2016-10-05,190,-51506.207
2016-10-06,190,-51506.207
2016-10-07,190,-51506.207
2016-10-11,190,-51506.207
2016-10-12,190,-51506.207
2016-10-13,190,-51506.207
2016-10-14,190,-51506.207
2016-10-17,190,-51506.207
2016-10-18,190,-51506.207
2016-10-19,190,-51506.207
2016-10-20,190,-51506.207
2016-10-21,190,-51506.207
2016-10-24,190,-51506.207
2016-10-25,190,-51506.207
2016-10-26,190,-51506.207
2016-10-27,190,-51506.207
2016-10-28,190,-51506.207
2016-10-31,190,-51506.207
2016-11-01,190,-51506.207
2016-11-02,190,-51506.207
2016-11-04,190,-51506.207
2016-11-07,190,-51506.207
2016-11-08,190,-51506.207
2016-11-09,190,-51506.207
2016-11-10,190,-51506.207
2016-11-11,190,-51506.207
2016-11-14,190,-51506.207
2016-11-15,190,-51506.207
2016-11-16,190,-51506.207
2016-11-17,190,-51506.207
2016-11-18,190,-51506.207
2016-11-21,190,-51506.207
2016-11-22,190,-51506.207
2016-11-24,190,-51506.207
2016-11-25,190,-51506.207
2016-11-28,190,-51506.207
2016-11-29,190,-51506.207
2016-11-30,190,-51506.207
2016-12-01,190,-51506.207
2016-12-02,190,-51506.207
2016-12-05,190,-51506.207
2016-12-06,190,-51506.207
2016-12-07,190,-51506.207
2016-12-08,190,-51506.207
2016-12-09,190,-51506.207
2016-12-12,190,-51506.207
2016-12-13,190,-51506.207
2016-12-14,190,-51506.207
2016-12-15,190,-51506.207
2016-12-16,190,-51506.207
2016-12-19,190,-51506.207
2016-12-20,190,-51506.207
2016-12-21,190,-51506.207
2016-12-22,190,-51506.207
2016-12-26,190,-51506.207
2016-12-27,190,-51506.207
2016-12-28,190,-51506.207
2016-12-29,190,-51506.207
2016-12-30,190,-51506.207
2017-01-04,190,-51506.207
2017-01-05,190,-51506.207
2017-01-06,190,-51506.207
2017-01-10,190,-51506.207
2017-01-11,190,-51506.207
2017-01-12,190,-51506.207
2017-01-13,190,-51506.207
2017-01-16,190,-51506.207
2017-01-17,200,-56430.175
2017-01-18,200,-56430.175
2017-01-19,200,-56430.175
2017-01-20,200,-56430.175
2017-01-23,200,-56430.175
2017-01-24,200,-56430.175
2017-01-25,200,-56430.175
2017-01-26,200,-56430.175
2017-01-27,200,-56430.175
2017-01-30,200,-56430.175
2017-01-31,200,-56430.175
2017-02-01,200,-56430.175
2017-02-02,200,-56430.175
2017-02-03,200,-56430.175
2017-02-06,200,-56430.175
2017-02-07,200,-56430.175
2017-02-08,200,-56430.175
2017-02-09,200,-56430.175
2017-02-10,200,-56430.175
2017-02-13,200,-56430.175
2017-02-14,200,-56430.175
2017-02-15,200,-56430.175
2017-02-16,200,-56430.175
2017-02-17,200,-56430.175
2017-02-20,200,-56430.175
2017-02-21,200,-56430.175
2017-02-22,200,-56430.175
2017-02-23,200,-56430.175
2017-02-24,200,-56430.175
2017-02-27,200,-56430.175
2017-02-28,200,-56430.175
2017-03-01,200,-56430.175
2017-03-02,200,-56430.175
2017-03-03,200,-56430.175
2017-03-06,200,-56430.175
2017-03-07,210,-61619.279
2017-03-08,220,-66789.445
2017-03-09,220,-66789.445
2017-03-10,220,-66789.445
2017-03-13,220,-66789.445
2017-03-14,220,-66789.445
2017-03-15,220,-66789.445
2017-03-16,220,-66789.445
2017-03-17,220,-66789.445
2017-03-21,220,-66789.445
2017-03-22,220,-66789.445
2017-03-23,220,-66789.445
2017-03-24,220,-66789.445
2017-03-27,220,-66789.445
2017-03-28,220,-66789.445
2017-03-29,220,-66789.445
2017-03-30,220,-66789.445
2017-03-31,220,-66789.445
2017-04-03,220,-66789.445
2017-04-04,220,-66789.445
2017-04-05,220,-66789.445
2017-04-06,230,-71810.152
2017-04-07,240,-76821.333
2017-04-10,240,-76821.333
2017-04-11,240,-76821.333
2017-04-12,240,-76821.333
2017-04-13,240,-76821.333
2017-04-14,240,-76821.333
2017-04-17,240,-76821.333
2017-04-18,240,-76821.333
2017-04-19,240,-76821.333
2017-04-20,240,-76821.333
2017-04-21,240,-76821.333
2017-04-24,240,-76821.333
2017-04-25,240,-76821.333
2017-04-26,240,-76821.333
2017-04-27,240,-76821.333
2017-04-28,240,-76821.333
2017-05-01,240,-76821.333
2017-05-02,240,-76821.333
2017-05-08,230,-71505.29
2017-05-09,220,-66179.72
2017-05-10,220,-66179.72
2017-05-11,220,-66179.72
2017-05-12,220,-66179.72
2017-05-15,220,-66179.72
2017-05-16,220,-66179.72
2017-05-17,220,-66179.72
2017-05-18,220,-66179.72
2017-05-19,220,-66179.72
2017-05-22,220,-66179.72
2017-05-23,220,-66179.72
2017-05-24,220,-66179.72
2017-05-25,220,-66179.72
2017-05-26,220,-66179.72
2017-05-29,220,-66179.72
2017-05-30,220,-66179.72
2017-05-31,220,-66179.72
2017-06-01,220,-66179.72
2017-06-02,220,-66179.72
2017-06-05,220,-66179.72
2017-06-06,220,-66179.72
2017-06-07,220,-66179.72
2017-06-08,220,-66179.72
2017-06-09,220,-66179.72
2017-06-12,220,-66179.72
2017-06-13,220,-66179.72
2017-06-14,220,-66179.72
2017-06-15,220,-66179.72
2017-06-16,220,-66179.72
2017-06-19,220,-66179.72
2017-06-20,220,-66179.72
2017-06-21,220,-66179.72
2017-06-22,220,-66179.72
2017-06-23,220,-66179.72
2017-06-26,220,-66179.72
2017-06-27,220,-66179.72
2017-06-28,220,-66179.72
2017-06-29,220,-66179.72
2017-06-30,220,-66179.72
2017-07-03,220,-66179.72
2017-07-04,220,-66179.72
2017-07-05,220,-66179.72
2017-07-06,220,-66179.72
2017-07-07,220,-66179.72
2017-07-10,220,-66179.72
2017-07-11,220,-66179.72
2017-07-12,220,-66179.72
2017-07-13,220,-66179.72
2017-07-14,220,-66179.72
2017-07-18,220,-66179.72
2017-07-19,220,-66179.72
2017-07-20,220,-66179.72
2017-07-21,220,-66179.72
2017-07-24,220,-66179.72
2017-07-25,220,-66179.72
2017-07-26,220,-66179.72
2017-07-27,220,-66179.72
2017-07-28,220,-66179.72
2017-07-31,220,-66179.72
2017-08-01,220,-66179.72
2017-08-02,220,-66179.72
2017-08-03,210,-59834.765
2017-08-04,210,-59834.765
2017-08-07,220,-65674.791
2017-08-08,220,-65674.791
2017-08-09,220,-65674.791
2017-08-10,220,-65674.791
2017-08-14,220,-65674.791
2017-08-15,220,-65674.791
2017-08-16,220,-65674.791
2017-08-17,220,-65674.791
2017-08-18,220,-65674.791
2017-08-21,220,-65674.791
2017-08-22,220,-65674.791
2017-08-23,220,-65674.791
2017-08-24,220,-65674.791
2017-08-25,220,-65674.791
2017-08-28,220,-65674.791
2017-08-29,220,-65674.791
2017-08-30,220,-65674.791
2017-08-31,220,-65674.791
2017-09-01,220,-65674.791
2017-09-04,220,-65674.791
2017-09-05,220,-65674.791
2017-09-06,220,-65674.791
2017-09-07,220,-65674.791
2017-09-08,220,-65674.791
2017-09-11,220,-65674.791
2017-09-12,220,-65674.791
2017-09-13,220,-65674.791
2017-09-14,220,-65674.791
2017-09-15,220,-65674.791
2017-09-19,220,-65674.791
2017-09-20,220,-65674.791
2017-09-21,220,-65674.791
2017-09-22,220,-65674.791
2017-09-25,220,-65674.791
2017-09-26,220,-65674.791
2017-09-27,220,-65674.791
2017-09-28,220,-65674.791
2017-09-29,220,-65674.791
2017-10-02,220,-65674.791
2017-10-03,220,-65674.791
2017-10-04,220,-65674.791
2017-10-05,220,-65674.791
2017-10-06,220,-65674.791
2017-10-10,220,-65674.791
2017-10-11,220,-65674.791
2017-10-12,220,-65674.791
2017-10-13,220,-65674.791
2017-10-16,220,-65674.791
2017-10-17,220,-65674.791
2017-10-18,220,-65674.791
2017-10-19,220,-65674.791
2017-10-20,220,-65674.791
2017-10-23,220,-65674.791
2017-10-24,220,-65674.791
2017-10-25,220,-65674.791
2017-10-26,220,-65674.791
2017-10-27,220,-65674.791
2017-10-30,220,-65674.791
2017-10-31,220,-65674.791
2017-11-01,220,-65674.791
2017-11-02,220,-65674.791
2017-11-06,220,-65674.791
2017-11-07,220,-65674.791
2017-11-08,220,-65674.791
2017-11-09,220,-65674.791
2017-11-10,230,-71591.216
2017-11-13,240,-77440.518
2017-11-14,250,-83069.272
2017-11-15,260,-88621.314
2017-11-16,260,-88621.314
2017-11-17,260,-88621.314
2017-11-20,260,-88621.314
2017-11-21,260,-88621.314
2017-11-22,260,-88621.314
2017-11-24,260,-88621.314
2017-11-27,260,-88621.314
2017-11-28,260,-88621.314
2017-11-29,260,-88621.314
2017-11-30,260,-88621.314
2017-12-01,260,-88621.314
2017-12-04,260,-88621.314
2017-12-05,260,-88621.314
2017-12-06,260,-88621.314
2017-12-07,260,-88621.314
2017-12-08,260,-88621.314
2017-12-11,260,-88621.314
2017-12-12,260,-88621.314
2017-12-13,260,-88621.314
2017-12-14,260,-88621.314
2017-12-15,250,-82714.478
2017-12-18,250,-82714.478
2017-12-19,250,-82714.478
2017-12-20,250,-82714.478
2017-12-21,250,-82714.478
2017-12-22,250,-82714.478
2017-12-25,250,-82714.478
2017-12-26,250,-82714.478
2017-12-27,250,-82714.478
2017-12-28,250,-82714.478
2017-12-29,250,-82714.478
2018-01-04,250,-82714.478
2018-01-05,250,-82714.478
2018-01-09,250,-82714.478
2018-01-10,250,-82714.478
2018-01-11,250,-82714.478
2018-01-12,250,-82714.478
2018-01-15,250,-82714.478
2018-01-16,250,-82714.478
2018-01-17,250,-82714.478
2018-01-18,250,-82714.478
2018-01-19,250,-82714.478
2018-01-22,250,-82714.478
2018-01-23,250,-82714.478
2018-01-24,250,-82714.478
2018-01-25,250,-82714.478
2018-01-26,250,-82714.478
2018-01-29,250,-82714.478
2018-01-30,250,-82714.478
2018-01-31,250,-82714.478
2018-02-01,250,-82714.478
2018-02-02,250,-82714.478
2018-02-05,260,-88180.219
2018-02-06,270,-93435.002
2018-02-07,280,-98641.83899999999
2018-02-08,290,-103810.31999999999
2018-02-09,300,-108825.377
2018-02-13,310,-113840.434
2018-02-14,310,-113840.434
2018-02-15,310,-113840.434
2018-02-16,310,-113840.434
2018-02-19,310,-113840.434
2018-02-20,310,-113840.434
2018-02-21,310,-113840.434
2018-02-22,310,-113840.434
2018-02-23,310,-113840.434
2018-02-26,310,-113840.434
2018-02-27,310,-113840.434
2018-02-28,310,-113840.434
2018-03-01,310,-113840.434
2018-03-02,310,-113840.434
2018-03-05,310,-113840.434
2018-03-06,310,-113840.434
2018-03-07,310,-113840.434
2018-03-08,310,-113840.434
2018-03-09,310,-113840.434
2018-03-12,310,-113840.434
2018-03-13,310,-113840.434
2018-03-14,310,-113840.434
2018-03-15,310,-113840.434
2018-03-16,310,-113840.434
2018-03-19,310,-113840.434
2018-03-20,310,-113840.434
2018-03-22,310,-113840.434
2018-03-23,310,-113840.434
2018-03-26,310,-113840.434
2018-03-27,310,-113840.434
2018-03-28,310,-113840.434
2018-03-29,310,-113840.434
2018-03-30,310,-113840.434
2018-04-02,310,-113840.434
2018-04-03,310,-113840.434
2018-04-04,300,-108402.12199999999
2018-04-05,300,-108402.12199999999
2018-04-06,300,-108402.12199999999
2018-04-09,300,-108402.12199999999
2018-04-10,300,-108402.12199999999
2018-04-11,300,-108402.12199999999
2018-04-12,300,-108402.12199999999
2018-04-13,300,-108402.12199999999
2018-04-16,300,-108402.12199999999
2018-04-17,300,-108402.12199999999
2018-04-18,300,-108402.12199999999
2018-04-19,300,-108402.12199999999
2018-04-20,300,-108402.12199999999
2018-04-23,300,-108402.12199999999
2018-04-24,300,-108402.12199999999
2018-04-25,300,-108402.12199999999
2018-04-26,300,-108402.12199999999
2018-04-27,300,-108402.12199999999
2018-05-01,300,-108402.12199999999
2018-05-02,300,-108402.12199999999
2018-05-07,300,-108402.12199999999
2018-05-08,300,-108402.12199999999
2018-05-09,300,-108402.12199999999
2018-05-10,300,-108402.12199999999
2018-05-11,300,-108402.12199999999
2018-05-14,300,-108402.12199999999
2018-05-15,300,-108402.12199999999
2018-05-16,300,-108402.12199999999
2018-05-17,300,-108402.12199999999
2018-05-18,300,-108402.12199999999
2018-05-21,300,-108402.12199999999
2018-05-22,300,-108402.12199999999
2018-05-23,300,-108402.12199999999
2018-05-24,300,-108402.12199999999
2018-05-25,300,-108402.12199999999
2018-05-28,300,-108402.12199999999
2018-05-29,300,-108402.12199999999
2018-05-30,300,-108402.12199999999
2018-05-31,300,-108402.12199999999
2018-06-01,300,-108402.12199999999
2018-06-04,300,-108402.12199999999
2018-06-05,300,-108402.12199999999
2018-06-06,300,-108402.12199999999
2018-06-07,300,-108402.12199999999
2018-06-08,300,-108402.12199999999
2018-06-11,300,-108402.12199999999
2018-06-12,300,-108402.12199999999
2018-06-13,300,-108402.12199999999
2018-06-14,300,-108402.12199999999
2018-06-15,300,-108402.12199999999
2018-06-18,300,-108402.12199999999
2018-06-19,300,-108402.12199999999
2018-06-20,300,-108402.12199999999
2018-06-21,300,-108402.12199999999
2018-06-22,300,-108402.12199999999
2018-06-25,300,-108402.12199999999
2018-06-26,300,-108402.12199999999
2018-06-27,300,-108402.12199999999
2018-06-28,300,-108402.12199999999
2018-06-29,300,-108402.12199999999
2018-07-02,300,-108402.12199999999
2018-07-03,300,-108402.12199999999
2018-07-04,300,-108402.12199999999
2018-07-05,300,-108402.12199999999
2018-07-06,300,-108402.12199999999
2018-07-09,300,-108402.12199999999
2018-07-10,300,-108402.12199999999
2018-07-11,300,-108402.12199999999
2018-07-12,300,-108402.12199999999
2018-07-13,300,-108402.12199999999
2018-07-17,300,-108402.12199999999
2018-07-18,300,-108402.12199999999
2018-07-19,300,-108402.12199999999
2018-07-20,300,-108402.12199999999
2018-07-23,300,-108402.12199999999
2018-07-24,300,-108402.12199999999
2018-07-25,300,-108402.12199999999
2018-07-26,300,-108402.12199999999
2018-07-27,300,-108402.12199999999
2018-07-30,300,-108402.12199999999
2018-07-31,300,-108402.12199999999
2018-08-01,300,-108402.12199999999
2018-08-02,300,-108402.12199999999
2018-08-03,300,-108402.12199999999
2018-08-06,300,-108402.12199999999
2018-08-07,300,-108402.12199999999
2018-08-08,300,-108402.12199999999
2018-08-09,300,-108402.12199999999
2018-08-10,300,-108402.12199999999
2018-08-13,300,-108402.12199999999
2018-08-14,300,-108402.12199999999
2018-08-15,300,-108402.12199999999
2018-08-16,300,-108402.12199999999
2018-08-17,300,-108402.12199999999
2018-08-20,300,-108402.12199999999
2018-08-21,300,-108402.12199999999
2018-08-22,300,-108402.12199999999
2018-08-23,300,-108402.12199999999
2018-08-24,300,-108402.12199999999
2018-08-27,300,-108402.12199999999
2018-08-28,300,-108402.12199999999
2018-08-29,300,-108402.12199999999
2018-08-30,300,-108402.12199999999
2018-08-31,300,-108402.12199999999
2018-09-03,300,-108402.12199999999
2018-09-04,300,-108402.12199999999
2018-09-05,300,-108402.12199999999
2018-09-06,300,-108402.12199999999
2018-09-07,300,-108402.12199999999
2018-09-10,300,-108402.12199999999
2018-09-11,300,-108402.12199999999
2018-09-12,300,-108402.12199999999
2018-09-13,300,-108402.12199999999
2018-09-14,300,-108402.12199999999
2018-09-18,300,-108402.12199999999
2018-09-19,300,-108402.12199999999
2018-09-20,300,-108402.12199999999
2018-09-21,300,-108402.12199999999
2018-09-25,300,-108402.12199999999
2018-09-26,300,-108402.12199999999
2018-09-27,300,-108402.12199999999
2018-09-28,300,-108402.12199999999
2018-10-01,300,-108402.12199999999
2018-10-02,300,-108402.12199999999
2018-10-03,300,-108402.12199999999
2018-10-04,300,-108402.12199999999
2018-10-05,300,-108402.12199999999
2018-10-09,300,-108402.12199999999
2018-10-10,300,-108402.12199999999
2018-10-11,300,-108402.12199999999
2018-10-12,300,-108402.12199999999
2018-10-15,300,-108402.12199999999
2018-10-16,300,-108402.12199999999
2018-10-17,300,-108402.12199999999
2018-10-18,300,-108402.12199999999
2018-10-19,300,-108402.12199999999
2018-10-22,300,-108402.12199999999
2018-10-23,300,-108402.12199999999
2018-10-24,300,-108402.12199999999
2018-10-25,300,-108402.12199999999
2018-10-26,300,-108402.12199999999
2018-10-29,300,-108402.12199999999
2018-10-30,300,-108402.12199999999
2018-10-31,300,-108402.12199999999
2018-11-01,300,-108402.12199999999
2018-11-02,300,-108402.12199999999
2018-11-05,310,-115145.91699999999
2018-11-06,310,-115145.91699999999
2018-11-07,320,-121753.66999999998
2018-11-08,320,-121753.66999999998
2018-11-09,320,-121753.66999999998
2018-11-12,320,-121753.66999999998
2018-11-13,320,-121753.66999999998
2018-11-14,320,-121753.66999999998
2018-11-15,320,-121753.66999999998
2018-11-16,320,-121753.66999999998
2018-11-19,320,-121753.66999999998
2018-11-20,320,-121753.66999999998
2018-11-21,320,-121753.66999999998
2018-11-22,320,-121753.66999999998
2018-11-26,320,-121753.66999999998
2018-11-27,320,-121753.66999999998
2018-11-28,320,-121753.66999999998
2018-11-29,320,-121753.66999999998
2018-11-30,320,-121753.66999999998
2018-12-03,320,-121753.66999999998
2018-12-04,320,-121753.66999999998
2018-12-05,320,-121753.66999999998
2018-12-06,320,-121753.66999999998
2018-12-07,320,-121753.66999999998
2018-12-10,330,-128225.38099999998
2018-12-11,330,-128225.38099999998
2018-12-12,330,-128225.38099999998
2018-12-13,330,-128225.38099999998
2018-12-14,330,-128225.38099999998
2018-12-17,330,-128225.38099999998
2018-12-18,340,-134531.898
2018-12-19,350,-140741.242
2018-12-20,360,-146902.0
2018-12-21,360,-146902.0
2018-12-25,370,-152703.218
2018-12-26,380,-158523.87099999998
2018-12-27,380,-158523.87099999998
2018-12-28,380,-158523.87099999998
2019-01-04,380,-158523.87099999998
2019-01-07,380,-158523.87099999998
2019-01-08,380,-158523.87099999998
2019-01-09,380,-158523.87099999998
2019-01-10,380,-158523.87099999998
2019-01-11,380,-158523.87099999998
2019-01-15,380,-158523.87099999998
2019-01-16,380,-158523.87099999998
2019-01-17,380,-158523.87099999998
2019-01-18,380,-158523.87099999998
2019-01-21,380,-158523.87099999998
2019-01-22,380,-158523.87099999998
2019-01-23,380,-158523.87099999998
2019-01-24,380,-158523.87099999998
2019-01-25,380,-158523.87099999998
2019-01-28,380,-158523.87099999998
2019-01-29,380,-158523.87099999998
2019-01-30,380,-158523.87099999998
2019-01-31,380,-158523.87099999998
2019-02-01,380,-158523.87099999998
2019-02-04,380,-158523.87099999998
2019-02-05,380,-158523.87099999998
2019-02-06,380,-158523.87099999998
2019-02-07,380,-158523.87099999998
2019-02-08,380,-158523.87099999998
2019-02-12,380,-158523.87099999998
2019-02-13,380,-158523.87099999998
2019-02-14,380,-158523.87099999998
2019-02-15,380,-158523.87099999998
2019-02-18,380,-158523.87099999998
2019-02-19,380,-158523.87099999998
2019-02-20,380,-158523.87099999998
2019-02-21,380,-158523.87099999998
2019-02-22,380,-158523.87099999998
2019-02-25,380,-158523.87099999998
2019-02-26,380,-158523.87099999998
2019-02-27,380,-158523.87099999998
2019-02-28,380,-158523.87099999998
2019-03-01,380,-158523.87099999998
2019-03-04,380,-158523.87099999998
2019-03-05,380,-158523.87099999998
2019-03-06,380,-158523.87099999998
2019-03-07,380,-158523.87099999998
2019-03-08,380,-158523.87099999998
2019-03-11,380,-158523.87099999998
2019-03-12,380,-158523.87099999998
2019-03-13,380,-158523.87099999998
2019-03-14,380,-158523.87099999998
2019-03-15,380,-158523.87099999998
2019-03-18,380,-158523.87099999998
2019-03-19,380,-158523.87099999998
2019-03-20,380,-158523.87099999998
2019-03-22,380,-158523.87099999998
2019-03-25,380,-158523.87099999998
2019-03-26,380,-158523.87099999998
2019-03-27,380,-158523.87099999998
2019-03-28,380,-158523.87099999998
2019-03-29,380,-158523.87099999998
2019-04-01,380,-158523.87099999998
2019-04-02,380,-158523.87099999998
2019-04-03,380,-158523.87099999998
2019-04-04,380,-158523.87099999998
2019-04-05,380,-158523.87099999998
2019-04-08,380,-158523.87099999998
2019-04-09,380,-158523.87099999998
2019-04-10,380,-158523.87099999998
2019-04-11,380,-158523.87099999998
2019-04-12,380,-158523.87099999998
2019-04-15,380,-158523.87099999998
2019-04-16,380,-158523.87099999998
2019-04-17,380,-158523.87099999998
2019-04-18,380,-158523.87099999998
2019-04-19,380,-158523.87099999998
2019-04-22,380,-158523.87099999998
2019-04-23,380,-158523.87099999998
2019-04-24,380,-158523.87099999998
2019-04-25,380,-158523.87099999998
2019-04-26,380,-158523.87099999998
2019-05-07,380,-158523.87099999998
2019-05-08,380,-158523.87099999998
2019-05-09,380,-158523.87099999998
2019-05-10,380,-158523.87099999998
2019-05-13,380,-158523.87099999998
2019-05-14,390,-165173.9
2019-05-15,400,-171775.103
2019-05-16,400,-171775.103
2019-05-17,400,-171775.103
2019-05-20,400,-171775.103
2019-05-21,400,-171775.103
2019-05-22,400,-171775.103
2019-05-23,400,-171775.103
2019-05-24,400,-171775.103
2019-05-27,400,-171775.103
2019-05-28,400,-171775.103
2019-05-29,400,-171775.103
2019-05-30,400,-171775.103
2019-05-31,400,-171775.103
2019-06-03,400,-171775.103
2019-06-04,400,-171775.103
2019-06-05,400,-171775.103
2019-06-06,400,-171775.103
2019-06-07,400,-171775.103
2019-06-10,400,-171775.103
2019-06-11,400,-171775.103
2019-06-12,400,-171775.103
2019-06-13,400,-171775.103
2019-06-14,400,-171775.103
2019-06-17,400,-171775.103
2019-06-18,400,-171775.103
2019-06-19,400,-171775.103
2019-06-20,400,-171775.103
2019-06-21,400,-171775.103
2019-06-24,400,-171775.103
2019-06-25,400,-171775.103
2019-06-26,400,-171775.103
2019-06-27,400,-171775.103
2019-06-28,400,-171775.103
2019-07-01,400,-171775.103
2019-07-02,400,-171775.103
2019-07-03,400,-171775.103
2019-07-04,400,-171775.103
2019-07-05,400,-171775.103
2019-07-08,400,-171775.103
2019-07-09,400,-171775.103
2019-07-10,400,-171775.103
2019-07-11,400,-171775.103
2019-07-12,400,-171775.103
2019-07-16,400,-171775.103
2019-07-17,400,-171775.103
2019-07-18,400,-171775.103
2019-07-19,400,-171775.103
2019-07-22,400,-171775.103
2019-07-23,400,-171775.103
2019-07-24,400,-171775.103
2019-07-25,400,-171775.103
2019-07-26,400,-171775.103
2019-07-29,400,-171775.103
2019-07-30,400,-171775.103
2019-07-31,400,-171775.103
2019-08-01,400,-171775.103
2019-08-02,400,-171775.103
2019-08-05,410,-177858.756
2019-08-06,410,-177858.756
2019-08-07,420,-183883.819
2019-08-08,430,-189860.05599999998
2019-08-09,430,-189860.05599999998
2019-08-13,430,-189860.05599999998
2019-08-14,430,-189860.05599999998
2019-08-15,430,-189860.05599999998
2019-08-16,430,-189860.05599999998
2019-08-19,430,-189860.05599999998
2019-08-20,430,-189860.05599999998
2019-08-21,430,-189860.05599999998
2019-08-22,430,-189860.05599999998
2019-08-23,430,-189860.05599999998
2019-08-26,430,-189860.05599999998
2019-08-27,430,-189860.05599999998
2019-08-28,430,-189860.05599999998
2019-08-29,430,-189860.05599999998
2019-08-30,430,-189860.05599999998
2019-09-02,430,-189860.05599999998
2019-09-03,430,-189860.05599999998
2019-09-04,430,-189860.05599999998
2019-09-05,430,-189860.05599999998
2019-09-06,430,-189860.05599999998
2019-09-09,430,-189860.05599999998
2019-09-10,420,-183776.403
2019-09-11,410,-177595.099
2019-09-12,410,-177595.099
2019-09-13,410,-177595.099
2019-09-17,410,-177595.099
2019-09-18,410,-177595.099
2019-09-19,410,-177595.099
2019-09-20,410,-177595.099
2019-09-24,410,-177595.099
2019-09-25,410,-177595.099
2019-09-26,410,-177595.099
2019-09-27,410,-177595.099
2019-09-30,410,-177595.099
2019-10-01,410,-177595.099
2019-10-02,410,-177595.099
2019-10-03,420,-183314.185
2019-10-04,430,-189062.751
2019-10-07,430,-189062.751
2019-10-08,430,-189062.751
2019-10-09,430,-189062.751
2019-10-10,430,-189062.751
2019-10-11,430,-189062.751
2019-10-15,430,-189062.751
2019-10-16,430,-189062.751
2019-10-17,430,-189062.751
2019-10-18,430,-189062.751
2019-10-21,430,-189062.751
2019-10-23,430,-189062.751
2019-10-24,430,-189062.751
2019-10-25,430,-189062.751
2019-10-28,430,-189062.751
2019-10-29,430,-189062.751
2019-10-30,430,-189062.751
2019-10-31,430,-189062.751
2019-11-01,430,-189062.751
2019-11-05,430,-189062.751
2019-11-06,430,-189062.751
2019-11-07,430,-189062.751
2019-11-08,430,-189062.751
2019-11-11,430,-189062.751
2019-11-12,430,-189062.751
2019-11-13,430,-189062.751
2019-11-14,430,-189062.751
2019-11-15,430,-189062.751
2019-11-18,430,-189062.751
2019-11-19,430,-189062.751
2019-11-20,430,-189062.751
2019-11-21,430,-189062.751
2019-11-22,430,-189062.751
2019-11-25,430,-189062.751
2019-11-26,430,-189062.751
2019-11-27,430,-189062.751
2019-11-28,430,-189062.751
2019-11-29,430,-189062.751
2019-12-02,430,-189062.751
2019-12-03,430,-189062.751
2019-12-04,430,-189062.751
2019-12-05,430,-189062.751
2019-12-06,430,-189062.751
2019-12-09,430,-189062.751
2019-12-10,430,-189062.751
2019-12-11,430,-189062.751
2019-12-12,430,-189062.751
2019-12-13,430,-189062.751
2019-12-16,430,-189062.751
2019-12-17,430,-189062.751
2019-12-18,430,-189062.751
2019-12-19,430,-189062.751
2019-12-20,430,-189062.751
2019-12-23,430,-189062.751
2019-12-24,430,-189062.751
2019-12-25,430,-189062.751
2019-12-26,430,-189062.751
2019-12-27,430,-189062.751
2019-12-30,430,-189062.751
2020-01-06,430,-189062.751
2020-01-07,430,-189062.751
2020-01-08,430,-189062.751
2020-01-09,430,-189062.751
2020-01-10,430,-189062.751
2020-01-14,430,-189062.751
2020-01-15,430,-189062.751
2020-01-16,430,-189062.751
2020-01-17,430,-189062.751
2020-01-20,430,-189062.751
2020-01-21,430,-189062.751
2020-01-22,430,-189062.751
2020-01-23,430,-189062.751
2020-01-24,430,-189062.751
2020-01-27,430,-189062.751
2020-01-28,430,-189062.751
2020-01-29,430,-189062.751
2020-01-30,430,-189062.751
2020-01-31,430,-189062.751
2020-02-03,430,-189062.751
2020-02-04,430,-189062.751
2020-02-05,430,-189062.751
2020-02-06,430,-189062.751
2020-02-07,430,-189062.751
2020-02-10,430,-189062.751
2020-02-12,430,-189062.751
2020-02-13,430,-189062.751
2020-02-14,430,-189062.751
2020-02-17,430,-189062.751
2020-02-18,430,-189062.751
2020-02-19,430,-189062.751
2020-02-20,430,-189062.751
2020-02-21,430,-189062.751
2020-02-25,430,-189062.751
2020-02-26,430,-189062.751
2020-02-27,440,-194349.466
2020-02-28,450,-199370.86299999998
2020-03-02,450,-199370.86299999998
2020-03-03,450,-199370.86299999998
2020-03-04,450,-199370.86299999998
2020-03-05,450,-199370.86299999998
2020-03-06,450,-199370.86299999998
2020-03-09,460,-203861.623
2020-03-10,460,-203861.623
2020-03-11,460,-203861.623
2020-03-12,460,-203861.623
2020-03-13,460,-203861.623
2020-03-16,460,-203861.623
2020-03-17,460,-203861.623
2020-03-18,460,-203861.623
2020-03-19,460,-203861.623
2020-03-23,460,-203861.623
2020-03-24,460,-203861.623
2020-03-25,460,-203861.623
2020-03-26,460,-203861.623
2020-03-27,460,-203861.623
2020-03-30,460,-203861.623
2020-03-31,460,-203861.623
2020-04-01,460,-203861.623
2020-04-02,460,-203861.623
2020-04-03,460,-203861.623
2020-04-06,460,-203861.623
2020-04-07,460,-203861.623
2020-04-08,460,-203861.623
2020-04-09,460,-203861.623
2020-04-10,460,-203861.623
2020-04-13,460,-203861.623
2020-04-14,460,-203861.623
2020-04-15,460,-203861.623
2020-04-16,460,-203861.623
2020-04-17,460,-203861.623
2020-04-20,460,-203861.623
2020-04-21,460,-203861.623
2020-04-22,460,-203861.623
2020-04-23,460,-203861.623
2020-04-24,460,-203861.623
2020-04-27,460,-203861.623
2020-04-28,460,-203861.623
2020-04-30,460,-203861.623
2020-05-01,460,-203861.623
2020-05-07,460,-203861.623
2020-05-08,460,-203861.623
2020-05-11,460,-203861.623
2020-05-12,460,-203861.623
2020-05-13,460,-203861.623
2020-05-14,460,-203861.623
2020-05-15,470,-208282.924
2020-05-18,470,-208282.924
2020-05-19,470,-208282.924
2020-05-20,470,-208282.924
2020-05-21,470,-208282.924
2020-05-22,470,-208282.924
2020-05-25,470,-208282.924
2020-05-26,470,-208282.924
2020-05-27,470,-208282.924
2020-05-28,470,-208282.924
2020-05-29,470,-208282.924
2020-06-01,470,-208282.924
2020-06-02,470,-208282.924
2020-06-03,470,-208282.924
2020-06-04,470,-208282.924
2020-06-05,470,-208282.924
2020-06-08,470,-208282.924
2020-06-09,470,-208282.924
2020-06-10,470,-208282.924
2020-06-11,470,-208282.924
2020-06-12,470,-208282.924
2020-06-15,470,-208282.924
2020-06-16,470,-208282.924
2020-06-17,470,-208282.924
2020-06-18,470,-208282.924
2020-06-19,470,-208282.924
2020-06-22,470,-208282.924
2020-06-23,470,-208282.924
2020-06-24,470,-208282.924
2020-06-25,470,-208282.924
2020-06-26,470,-208282.924
2020-06-29,470,-208282.924
2020-06-30,470,-208282.924
2020-07-01,470,-208282.924
2020-07-02,470,-208282.924
2020-07-03,470,-208282.924
2020-07-06,470,-208282.924
2020-07-07,470,-208282.924
2020-07-08,470,-208282.924
2020-07-09,470,-208282.924
2020-07-10,470,-208282.924
2020-07-13,470,-208282.924
2020-07-14,470,-208282.924
2020-07-15,470,-208282.924
2020-07-16,470,-208282.924
2020-07-17,470,-208282.924
2020-07-20,470,-208282.924
2020-07-21,470,-208282.924
2020-07-22,470,-208282.924
2020-07-27,470,-208282.924
2020-07-28,470,-208282.924
2020-07-29,470,-208282.924
2020-07-30,470,-208282.924
2020-07-31,470,-208282.924
2020-08-03,470,-208282.924
2020-08-04,470,-208282.924
2020-08-05,470,-208282.924
2020-08-06,470,-208282.924
2020-08-07,470,-208282.924
2020-08-11,470,-208282.924
2020-08-12,470,-208282.924
2020-08-13,470,-208282.924
2020-08-14,470,-208282.924
2020-08-17,470,-208282.924
2020-08-18,470,-208282.924
2020-08-19,470,-208282.924
2020-08-20,470,-208282.924
2020-08-21,470,-208282.924
2020-08-24,470,-208282.924
2020-08-25,470,-208282.924
2020-08-26,470,-208282.924
2020-08-27,470,-208282.924
2020-08-28,470,-208282.924
2020-08-31,470,-208282.924
2020-09-01,470,-208282.924
2020-09-02,470,-208282.924
2020-09-03,470,-208282.924
2020-09-04,470,-208282.924
2020-09-07,480,-212783.53
2020-09-08,480,-212783.53
2020-09-09,480,-212783.53
2020-09-10,480,-212783.53
2020-09-11,480,-212783.53
2020-09-14,480,-212783.53
2020-09-15,480,-212783.53
2020-09-16,480,-212783.53
2020-09-17,480,-212783.53
2020-09-18,480,-212783.53
2020-09-23,480,-212783.53
2020-09-24,490,-217194.917
2020-09-25,490,-217194.917
2020-09-28,490,-217194.917
2020-09-29,490,-217194.917
2020-09-30,490,-217194.917
2020-10-02,490,-217194.917
2020-10-05,490,-217194.917
2020-10-06,490,-217194.917
2020-10-07,490,-217194.917
2020-10-08,490,-217194.917
2020-10-09,490,-217194.917
2020-10-12,500,-221484.917
2020-10-13,500,-221484.917
2020-10-14,500,-221484.917
2020-10-15,500,-221484.917
2020-10-16,510,-225684.917
2020-10-19,510,-225684.917
2020-10-20,510,-225684.917
2020-10-21,510,-225684.917
2020-10-22,510,-225684.917
2020-10-23,510,-225684.917
2020-10-26,510,-225684.917
2020-10-27,510,-225684.917
2020-10-28,510,-225684.917
2020-10-29,510,-225684.917
2020-10-30,510,-225684.917
2020-11-02,510,-225684.917
2020-11-04,510,-225684.917
2020-11-05,510,-225684.917
2020-11-06,510,-225684.917
2020-11-09,510,-225684.917
2020-11-10,510,-225684.917
2020-11-11,510,-225684.917
2020-11-12,510,-225684.917
2020-11-13,510,-225684.917
2020-11-16,510,-225684.917
2020-11-17,510,-225684.917
2020-11-18,510,-225684.917
2020-11-19,510,-225684.917
2020-11-20,510,-225684.917
2020-11-24,510,-225684.917
2020-11-25,510,-225684.917
2020-11-26,510,-225684.917
2020-11-27,510,-225684.917
2020-11-30,510,-225684.917
2020-12-01,510,-225684.917
2020-12-02,510,-225684.917
2020-12-03,510,-225684.917
2020-12-04,510,-225684.917
2020-12-07,510,-225684.917
2020-12-08,510,-225684.917
2020-12-09,510,-225684.917
2020-12-10,510,-225684.917
2020-12-11,510,-225684.917
2020-12-14,510,-225684.917
2020-12-15,510,-225684.917
2020-12-16,510,-225684.917
2020-12-17,510,-225684.917
2020-12-18,510,-225684.917
2020-12-21,510,-225684.917
2020-12-22,510,-225684.917
2020-12-23,510,-225684.917
2020-12-24,510,-225684.917
2020-12-25,510,-225684.917
2020-12-28,510,-225684.917
2020-12-29,510,-225684.917
2020-12-30,510,-225684.917
2021-01-04,510,-225684.917
2021-01-05,510,-225684.917
2021-01-06,510,-225684.917
2021-01-07,510,-225684.917
2021-01-08,510,-225684.917
2021-01-12,510,-225684.917
2021-01-13,510,-225684.917
2021-01-14,510,-225684.917
2021-01-15,510,-225684.917
2021-01-18,510,-225684.917
2021-01-19,510,-225684.917
2021-01-20,510,-225684.917
2021-01-21,510,-225684.917
2021-01-22,510,-225684.917
2021-01-25,510,-225684.917
2021-01-26,510,-225684.917
2021-01-27,510,-225684.917
2021-01-28,510,-225684.917
2021-01-29,510,-225684.917
2021-02-01,510,-225684.917
2021-02-02,510,-225684.917
2021-02-03,510,-225684.917
2021-02-04,510,-225684.917
2021-02-05,510,-225684.917
2021-02-08,510,-225684.917
2021-02-09,510,-225684.917
2021-02-10,510,-225684.917
2021-02-12,510,-225684.917
2021-02-15,510,-225684.917
2021-02-16,510,-225684.917
2021-02-17,510,-225684.917
2021-02-18,510,-225684.917
2021-02-19,510,-225684.917
2021-02-22,510,-225684.917
2021-02-24,510,-225684.917
2021-02-25,510,-225684.917
2021-02-26,510,-225684.917
2021-03-01,510,-225684.917
2021-03-02,510,-225684.917
2021-03-03,510,-225684.917
2021-03-04,510,-225684.917
2021-03-05,510,-225684.917
2021-03-08,500,-220164.917
2021-03-09,500,-220164.917
2021-03-10,500,-220164.917
2021-03-11,500,-220164.917
2021-03-12,500,-220164.917
2021-03-15,500,-220164.917
2021-03-16,500,-220164.917
2021-03-17,500,-220164.917
2021-03-18,500,-220164.917
2021-03-19,500,-220164.917
